SubType,FormGUID
    7HZ1   ,BXIRAAAI3NHJ4USQYISN
    7HZ2   ,BXIRAAAI3NHJ4USQYISN
    7HZ3   ,BXIRAAAI3NHJ4USQYISN
    7JA2   ,BXIRAAAI3NHJ4USQYISN
    7JC7   ,BXIRAAAI3NHJ4USQYISN
C3QN  ,BXIRAAAI3NHJ4USQYISN
2FA6  ,BXIRAAAI3NHJ4USQYISN
2FA7  ,BXIRAAAI3NHJ4USQYISN
2FM6  ,BXIRAAAI3NHJ4USQYISN
2FM7  ,BXIRAAAI3NHJ4USQYISN
2GM7  ,BXIRAAAI3NHJ4USQYISN
2GM8  ,BXIRAAAI3NHJ4USQYISN
2HA8  ,BXIRAAAI3NHJ4USQYISN
2HN1  ,BXIRAAAI3NHJ4USQYISN
2HN2  ,BXIRAAAI3NHJ4USQYISN
2HN3  ,BXIRAAAI3NHJ4USQYISN
2HN4  ,BXIRAAAI3NHJ4USQYISN
2IN5  ,BXIRAAAI3NHJ4USQYISN
2JB2  ,BXIRAAAI3NHJ4USQYISN
2JB3  ,BXIRAAAI3NHJ4USQYISN
2JB4  ,BXIRAAAI3NHJ4USQYISN
2JN6  ,BXIRAAAI3NHJ4USQYISN
2JN7  ,BXIRAAAI3NHJ4USQYISN
2JN8  ,BXIRAAAI3NHJ4USQYISN
2JN9  ,BXIRAAAI3NHJ4USQYISN
2JP2  ,BXIRAAAI3NHJ4USQYISN
2MA9  ,BXIRAAAI3NHJ4USQYISN
2MB1  ,BXIRAAAI3NHJ4USQYISN
2MB9  ,BXIRAAAI3NHJ4USQYISN
2ML3  ,BXIRAAAI3NHJ4USQYISN
2MM8  ,BXIRAAAI3NHJ4USQYISN
2MN5  ,BXIRAAAI3NHJ4USQYISN
2MN7  ,BXIRAAAI3NHJ4USQYISN
2MP1  ,BXIRAAAI3NHJ4USQYISN
2MP3  ,BXIRAAAI3NHJ4USQYISN
2MQ4  ,BXIRAAAI3NHJ4USQYISN
2MQ7  ,BXIRAAAI3NHJ4USQYISN
2MR2  ,BXIRAAAI3NHJ4USQYISN
2MR3  ,BXIRAAAI3NHJ4USQYISN
2MR4  ,BXIRAAAI3NHJ4USQYISN
2MR7  ,BXIRAAAI3NHJ4USQYISN
2NP2  ,BXIRAAAI3NHJ4USQYISN
2OP3  ,BXIRAAAI3NHJ4USQYISN
2OQ5  ,BXIRAAAI3NHJ4USQYISN
2PB8  ,BXIRAAAI3NHJ4USQYISN
2PP4  ,BXIRAAAI3NHJ4USQYISN
2PP5  ,BXIRAAAI3NHJ4USQYISN
2PP6  ,BXIRAAAI3NHJ4USQYISN
2PP7  ,BXIRAAAI3NHJ4USQYISN
2PP8  ,BXIRAAAI3NHJ4USQYISN
2PP9  ,BXIRAAAI3NHJ4USQYISN
2PQ1  ,BXIRAAAI3NHJ4USQYISN
2QP9  ,BXIRAAAI3NHJ4USQYISN
2QR1  ,BXIRAAAI3NHJ4USQYISN
2RM9  ,BXIRAAAI3NHJ4USQYISN
2RN7  ,BXIRAAAI3NHJ4USQYISN
2RN9  ,BXIRAAAI3NHJ4USQYISN
2RQ2  ,BXIRAAAI3NHJ4USQYISN
2RQ3  ,BXIRAAAI3NHJ4USQYISN
2RQ6  ,BXIRAAAI3NHJ4USQYISN
2RQ7  ,BXIRAAAI3NHJ4USQYISN
2RQ8  ,BXIRAAAI3NHJ4USQYISN
2RQ9  ,BXIRAAAI3NHJ4USQYISN
2RS2  ,BXIRAAAI3NHJ4USQYISN
2RS3  ,BXIRAAAI3NHJ4USQYISN
2SM7  ,BXIRAAAI3NHJ4USQYISN
2SN2  ,BXIRAAAI3NHJ4USQYISN
2SN4  ,BXIRAAAI3NHJ4USQYISN
2SQ4  ,BXIRAAAI3NHJ4USQYISN
2TM9  ,BXIRAAAI3NHJ4USQYISN
3YH3  ,BXIRAAAI3NHJ4USQYISN
3YH4  ,BXIRAAAI3NHJ4USQYISN
81J2  ,BXIRAAAI3NHJ4USQYISN
81J3  ,BXIRAAAI3NHJ4USQYISN
81J4  ,BXIRAAAI3NHJ4USQYISN
81J5  ,BXIRAAAI3NHJ4USQYISN
81J6  ,BXIRAAAI3NHJ4USQYISN
81J7  ,BXIRAAAI3NHJ4USQYISN
81J8  ,BXIRAAAI3NHJ4USQYISN
81J9  ,BXIRAAAI3NHJ4USQYISN
81K1  ,BXIRAAAI3NHJ4USQYISN
81K2  ,BXIRAAAI3NHJ4USQYISN
81K3  ,BXIRAAAI3NHJ4USQYISN
81L4  ,BXIRAAAI3NHJ4USQYISN
2FP8  ,BXIRAAAI3NHJ4USQYISN
2FP9  ,BXIRAAAI3NHJ4USQYISN
2FQ1  ,BXIRAAAI3NHJ4USQYISN
2GP5  ,BXIRAAAI3NHJ4USQYISN
2HQ2  ,BXIRAAAI3NHJ4USQYISN
2HQ3  ,BXIRAAAI3NHJ4USQYISN
2HQ4  ,BXIRAAAI3NHJ4USQYISN
2HQ5  ,BXIRAAAI3NHJ4USQYISN
2HQ6  ,BXIRAAAI3NHJ4USQYISN
2HQ7  ,BXIRAAAI3NHJ4USQYISN
2HQ8  ,BXIRAAAI3NHJ4USQYISN
2IP6  ,BXIRAAAI3NHJ4USQYISN
2J69  ,BXIRAAAI3NHJ4USQYISN
2J7F  ,BXIRAAAI3NHJ4USQYISN
2JX6  ,BXIRAAAI3NHJ4USQYISN
2JQ9  ,BXIRAAAI3NHJ4USQYISN
2JR1  ,BXIRAAAI3NHJ4USQYISN
2JR2  ,BXIRAAAI3NHJ4USQYISN
2JR3  ,BXIRAAAI3NHJ4USQYISN
2MP7  ,BXIRAAAI3NHJ4USQYISN
2NP8  ,BXIRAAAI3NHJ4USQYISN
2O09  ,BXIRAAAI3NHJ4USQYISN
2O63  ,BXIRAAAI3NHJ4USQYISN
2O68  ,BXIRAAAI3NHJ4USQYISN
2OR4  ,BXIRAAAI3NHJ4USQYISN
2QB1  ,BXIRAAAI3NHJ4USQYISN
2QB8  ,BXIRAAAI3NHJ4USQYISN
2QB9  ,BXIRAAAI3NHJ4USQYISN
2S7K  ,BXIRAAAI3NHJ4USQYISN
2S70  ,BXIRAAAI3NHJ4USQYISN
2S72  ,BXIRAAAI3NHJ4USQYISN
2SP9  ,BXIRAAAI3NHJ4USQYISN
2SP6  ,BXIRAAAI3NHJ4USQYISN
2SP7  ,BXIRAAAI3NHJ4USQYISN
6IM8  ,BXIRAAAI3NHJ4USQYISN
6IN7  ,BXIRAAAI3NHJ4USQYISN
6JP1  ,BXIRAAAI3NHJ4USQYISN
6KP3  ,BXIRAAAI3NHJ4USQYISN
6LQ4  ,BXIRAAAI3NHJ4USQYISN
6MQ7  ,BXIRAAAI3NHJ4USQYISN
6NR2  ,BXIRAAAI3NHJ4USQYISN
6OM7  ,BXIRAAAI3NHJ4USQYISN
6ON2  ,BXIRAAAI3NHJ4USQYISN
6ON4  ,BXIRAAAI3NHJ4USQYISN
6OR3  ,BXIRAAAI3NHJ4USQYISN
6OR4  ,BXIRAAAI3NHJ4USQYISN
6OL3  ,BXIRAAAI3NHJ4USQYISN
6OR7  ,BXIRAAAI3NHJ4USQYISN
6OA9  ,BXIRAAAI3NHJ4USQYISN
6PF5  ,BXIRAAAI3NHJ4USQYISN
6PD5  ,BXIRAAAI3NHJ4USQYISN
6PD6  ,BXIRAAAI3NHJ4USQYISN
6QF6  ,BXIRAAAI3NHJ4USQYISN
6QU1  ,BXIRAAAI3NHJ4USQYISN
6RUJ  ,BXIRAAAI3NHJ4USQYISN
6TUL  ,BXIRAAAI3NHJ4USQYISN
6UQ1  ,BXIRAAAI3NHJ4USQYISN
6VFG  ,BXIRAAAI3NHJ4USQYISN
6VF1  ,BXIRAAAI3NHJ4USQYISN
6VF2  ,BXIRAAAI3NHJ4USQYISN
6VF4  ,BXIRAAAI3NHJ4USQYISN
2FR8  ,BXIRAAAI3NHJ4USQYISN
2GR9  ,BXIRAAAI3NHJ4USQYISN
2HS1  ,BXIRAAAI3NHJ4USQYISN
2IS2  ,BXIRAAAI3NHJ4USQYISN
2JS3  ,BXIRAAAI3NHJ4USQYISN
2PS4  ,BXIRAAAI3NHJ4USQYISN
2QS5  ,BXIRAAAI3NHJ4USQYISN
2RS6  ,BXIRAAAI3NHJ4USQYISN
2SS7  ,BXIRAAAI3NHJ4USQYISN
6JS8  ,BXIRAAAI3NHJ4USQYISN
6MS9  ,BXIRAAAI3NHJ4USQYISN
6NT1  ,BXIRAAAI3NHJ4USQYISN
6OT2  ,BXIRAAAI3NHJ4USQYISN
6PT3  ,BXIRAAAI3NHJ4USQYISN
6QR7  ,BXIRAAAI3NHJ4USQYISN
6UT4  ,BXIRAAAI3NHJ4USQYISN
6VT5  ,BXIRAAAI3NHJ4USQYISN
81V7  ,BXIRAAAI3NHJ4USQYISN
81V8  ,BXIRAAAI3NHJ4USQYISN
2RT9  ,BXIRAAAI3NHJ4USQYISN
D5W5  ,BXIRAAAI3NHJ4USQYISN
81V9  ,BXIRAAAI3NHJ4USQYISN
81W1  ,BXIRAAAI3NHJ4USQYISN
81W2  ,BXIRAAAI3NHJ4USQYISN
81W3  ,BXIRAAAI3NHJ4USQYISN
81W4  ,BXIRAAAI3NHJ4USQYISN
81V6  ,BXIRAAAI3NHJ4USQYISN
81V5  ,BXIRAAAI3NHJ4USQYISN
81W5  ,BXIRAAAI3NHJ4USQYISN
2PL8  ,BXIRAAAI3NHJ4USQYISN
ACLP  ,BXIRAAAI3NHJ4USQYISN
AF8G  ,BXIRAAAI3NHJ4USQYISN
AF8H  ,BXIRAAAI3NHJ4USQYISN
AF8J  ,BXIRAAAI3NHJ4USQYISN
BYV8  ,BXIRAAAI3NHJ4USQYISN
D5S2  ,BXIRAAAI3NHJ4USQYISN
H10V  ,BXIRAAAI3NHJ4USQYISN
H2VN  ,BXIRAAAI3NHJ4USQYISN
H4ZU  ,BXIRAAAI3NHJ4USQYISN
KTVA  ,BXIRAAAI3NHJ4USQYISN
K4VC  ,BXIRAAAI3NHJ4USQYISN
S3HC  ,BXIRAAAI3NHJ4USQYISN
S9N9  ,BXIRAAAI3NHJ4USQYISN
S9TB  ,BXIRAAAI3NHJ4USQYISN
UUME  ,BXIRAAAI3NHJ4USQYISN
YWYP  ,BXIRAAAI3NHJ4USQYISN
YXVR  ,BXIRAAAI3NHJ4USQYISN
16AB  ,BXIRAAAI3NHJ4USQYISN
16CC  ,BXIRAAAI3NHJ4USQYISN
16CF  ,BXIRAAAI3NHJ4USQYISN
16C1  ,BXIRAAAI3NHJ4USQYISN
16DX  ,BXIRAAAI3NHJ4USQYISN
160,BXIRAAAI3NHJ4USQYISN
16KN  ,BXIRAAAI3NHJ4USQYISN
16TQ  ,BXIRAAAI3NHJ4USQYISN
16Y6  ,BXIRAAAI3NHJ4USQYISN
3MF5  ,BXIRAAAI3NHJ4USQYISN
3NE4  ,BXIRAAAI3NHJ4USQYISN
3NE5  ,BXIRAAAI3NHJ4USQYISN
3PF8  ,BXIRAAAI3NHJ4USQYISN
3QE8  ,BXIRAAAI3NHJ4USQYISN
3QE9  ,BXIRAAAI3NHJ4USQYISN
3SG2  ,BXIRAAAI3NHJ4USQYISN
3TF3  ,BXIRAAAI3NHJ4USQYISN
3TF4  ,BXIRAAAI3NHJ4USQYISN
40BB  ,BXIRAAAI3NHJ4USQYISN
40Q2  ,BXIRAAAI3NHJ4USQYISN
402B  ,BXIRAAAI3NHJ4USQYISN
408G  ,BXIRAAAI3NHJ4USQYISN
49Y6  ,BXIRAAAI3NHJ4USQYISN
5HIG  ,BXIRAAAI3NHJ4USQYISN
5HN9  ,BXIRAAAI3NHJ4USQYISN
5HTB  ,BXIRAAAI3NHJ4USQYISN
5306,BXIRAAAI3NHJ4USQYISN
5365,BXIRAAAI3NHJ4USQYISN
58R6  ,BXIRAAAI3NHJ4USQYISN
62H5  ,BXIRAAAI3NHJ4USQYISN
62VG  ,BXIRAAAI3NHJ4USQYISN
62VJ  ,BXIRAAAI3NHJ4USQYISN
62VK  ,BXIRAAAI3NHJ4USQYISN
63N9  ,BXIRAAAI3NHJ4USQYISN
65Y1  ,BXIRAAAI3NHJ4USQYISN
75N2  ,BXIRAAAI3NHJ4USQYISN
751I  ,BXIRAAAI3NHJ4USQYISN
752H  ,BXIRAAAI3NHJ4USQYISN
77Y5  ,BXIRAAAI3NHJ4USQYISN
9B0T  ,BXIRAAAI3NHJ4USQYISN
9C0U  ,BXIRAAAI3NHJ4USQYISN
9D0V  ,BXIRAAAI3NHJ4USQYISN
9EUQ  ,BXIRAAAI3NHJ4USQYISN
92N2  ,BXIRAAAI3NHJ4USQYISN
BZM9  ,BXIRAAAI3NHJ4USQYISN
46Y1  ,BXIRAAAI3NHJ4USQYISN
BYY8  ,BXIRAAAI3NHJ4USQYISN
7IZ4  ,BXIRAAAI3NHJ4USQYISN
7IA1  ,BXIRAAAI3NHJ4USQYISN
7KA3  ,BXIRAAAI3NHJ4USQYISN
7KA9  ,BXIRAAAI3NHJ4USQYISN
16N9  ,BXIRAAAI3NHJ4USQYISN
H1HC  ,BXIRAAAI3NHJ4USQYISN
81W6  ,BXIRAAAI3NHJ4USQYISN
AH74  ,BXIRAAAI3NHJ4USQYISN
H1K9  ,BXIRAAAI3NHJ4USQYISN
3QE5  ,BXIRAAAI3NHJ4USQYISN
3QF4  ,BXIRAAAI3NHJ4USQYISN
3QF5  ,BXIRAAAI3NHJ4USQYISN
3QF8  ,BXIRAAAI3NHJ4USQYISN
3QG2  ,BXIRAAAI3NHJ4USQYISN
3SE4  ,BXIRAAAI3NHJ4USQYISN
3SE8  ,BXIRAAAI3NHJ4USQYISN
3SF3  ,BXIRAAAI3NHJ4USQYISN
4MA1  ,BXIRAAAI3NHJ4USQYISN
4MA9  ,BXIRAAAI3NHJ4USQYISN
7KZ4  ,BXIRAAAI3NHJ4USQYISN
AEY0  ,BXIRAAAI3NHJ4USQYISN
CK2E  ,BXIRAAAI3NHJ4USQYISN
CNR3  ,BXIRAAAI3NHJ4USQYISN
76A3  ,BXIRAAAI3NHJ4USQYISN
CPK9  ,BXIRAAAI3NHJ4USQYISN
4DV4  ,BXIRAAAI3NHJ4USQYISN
AGF4  ,BXIRAAAI3NHJ4USQYISN
BYF6  ,BXIRAAAI3NHJ4USQYISN
CPR7  ,BXIRAAAI3NHJ4USQYISN
ABK2  ,BXIRAAAI3NHJ4USQYISN
AAM3  ,BXIRAAAI3NHJ4USQYISN
3BM3  ,BXIRAAAI3NHJ4USQYISN
4KM9  ,BXIRAAAI3NHJ4USQYISN
81QE  ,BXIRAAAI3NHJ4USQYISN
70U6  ,BXIRAAAI3NHJ4USQYISN
9EV5  ,BXIRAAAI3NHJ4USQYISN
9EV6  ,BXIRAAAI3NHJ4USQYISN
D5UC  ,BXIRAAAI3NHJ4USQYISN
AWK5  ,BXIRAAAI3NHJ4USQYISN
AWK6  ,BXIRAAAI3NHJ4USQYISN
4SR8  ,BXIRAAAI3NHJ4USQYISN
4TR9  ,BXIRAAAI3NHJ4USQYISN
4DV7  ,BXIRAAAI3NHJ4USQYISN
61C4  ,BXIRAAAI3NHJ4USQYISN
81C1  ,BXIRAAAI3NHJ4USQYISN
    AUC3      ,AVY3AAANDGKPJQYFCXST
    AUC6      ,AVY3AAANDGKPJQYFCXST
    AUD2      ,AVY3AAANDGKPJQYFCXST
    AUD5      ,AVY3AAANDGKPJQYFCXST
    AUD9      ,AVY3AAANDGKPJQYFCXST
    AUF7      ,AVY3AAANDGKPJQYFCXST
    AUF8      ,AVY3AAANDGKPJQYFCXST
    AUJ7      ,AVY3AAANDGKPJQYFCXST
    AUK4      ,AVY3AAANDGKPJQYFCXST
    230U      ,AVY3AAAADG4LKRGIEFCT
    232D      ,AVY3AAAADG4LKRGIEFCT
    233L      ,AVY3AAAADG4LKRGIEFCT
    4RR4   ,AVY3AAAADG4LKRGIEFCT
    4RR5   ,AVY3AAAADG4LKRGIEFCT
    4RR6   ,AVY3AAAADG4LKRGIEFCT
BBBB,AVY3AAADSV7SH2MBMOCS
TTTT,A2YWAAAGNZ2BIS6P7UCU
UUUU,A2YWAAAOMTPYL2IHQJSW
