Database,District
DEVD1v11_EMEA_PDB,23-EUROPE
DEVD1v11_EMEA_PDB,23-Ireland
DEVD1v11_EMEA_PDB,23-Italy
DEVD1v11_EMEA_PDB,23-Kazakhstan
DEVD1v11_EMEA_PDB,23-Poland
DEVD1v11_EMEA_PDB,23-Portugal
DEVD1v11_EMEA_PDB,23-Russia
DEVD1v11_EMEA_PDB,23-Spain
DEVD1v11_EMEA_PDB,23-Switzerland
DEVD1v11_EMEA_PDB,23-Turkey
DEVD1v11_EMEA_PDB,23-Uzbekistan
DEVD1v11_EMEA_PDB,23-UK
DEVD1v11_EMEA_PDB,23-Austria
DEVD1v11_EMEA_PDB,23-Azerbaijan
DEVD1v11_EMEA_PDB,23-Belgium
DEVD1v11_EMEA_PDB,23-France
DEVD1v11_EMEA_PDB,23-Germany
